,Unnamed: 0,utr,0,1,2,3,4,5,6,7,8,9,10,11,12,13,total_reads,total,r0,r1,r2,r3,r4,r5,r6,r7,r8,r9,r10,r11,r12,r13,rl,pred
809,320,ATCGATCCACCCTGCATAGCAGGGAACTCTATTGTGCATGTTCGGATGCG,4.36265250392e-05,4.2088363737e-05,2.50789191093e-05,1.34178976601e-05,8.562334667119999e-06,9.56692339112e-06,3.9169808486599995e-06,4.51055802236e-06,4.32746198205e-06,3.99653287193e-06,5.35461349493e-06,5.35461349493e-06,5.25042377904e-06,7.716078021069999e-06,4757.0,0.00018276822611900003,0.23869862921799997,0.230282717247,0.137217062516,0.073414826773,0.046848048202599996,0.0523445655423,0.021431410326799998,0.0246791147353,0.0236773211293,0.021866672105999997,0.02929728875,0.02929728875,0.0287272240396,0.0422178306642,3.33104094103,6.04537
999,226582,AGCTTACTGAACCTGGTCGTGGAGGTATGCAGGAGGTATGTGCATGCCTG,3.40055993088e-05,3.60012036924e-05,2.46926324405e-05,1.30232536113e-05,9.046082388430001e-06,8.60622815519e-06,5.21066259684e-06,5.63819752795e-06,5.46433758751e-06,4.7725586723e-06,7.84218984297e-06,7.84218984297e-06,7.610706028339999e-06,9.18115612634e-06,4607.0,0.000178936997822,0.190042303843,0.20119485702,0.137996237453,0.0727812233904,0.0505545666829,0.048096415274400006,0.029120096236499998,0.031509400496099994,0.0305377739317,0.026671726531700003,0.0438265419585,0.0438265419585,0.0425328809636,0.0513094342595,4.06545658467,5.995093
1046,89012,GCGAGGGAACAAGAGCAAAGGAGAATCTAGGCCACATCTCTCGTCGTTCC,2.36499847045e-05,3.65229602677e-05,2.82583555366e-05,1.52476109774e-05,1.1464820995e-05,9.486865454789999e-06,5.92937467916e-06,6.23518314856e-06,6.23447912669e-06,5.89779608285e-06,6.87245669035e-06,6.87245669035e-06,6.74366356941e-06,6.15332804212e-06,4570.0,0.000175569335965,0.13470452898,0.20802584954199999,0.160952682205,0.0868466631349,0.06530081652309999,0.054034865499900005,0.033772268070400006,0.0355140783228,0.0355100683864,0.0335924041087,0.03914383256369999,0.03914383256369999,0.038410258444800005,0.035047851655199996,4.038996065369999,7.3059154
1733,85271,GTCCATGCAGAAAGTTCAGGTAAACTCGTGGGCGATAAGAATTTGGGAAC,3.7119280727e-05,3.25228265241e-05,2.40092021805e-05,1.18751981965e-05,9.723329198260001e-06,6.80492458783e-06,3.98885205689e-06,4.046235873e-06,3.1905863766e-06,3.7637251318199997e-06,5.73407429379e-06,5.73407429379e-06,4.865071575080001e-06,6.73935928423e-06,4178.0,0.000160116740299,0.23182635780400002,0.203119464356,0.149948107459,0.0741658753127,0.06072649980309999,0.0424997696999,0.0249121487824,0.025270536144,0.019926625852099998,0.0235061313688,0.035811835059,0.035811835059,0.030384527976199997,0.042090285323299996,3.5027554924800004,5.657888
1909,232479,ACAAAAACATTGACATGATCGGATACAGGCGGCGTACGGCATGCGCTACC,2.99823030943e-05,3.2088029378e-05,2.35040580752e-05,1.59292688799e-05,7.54646445238e-06,7.32530117395e-06,3.9169808486599995e-06,4.21206521206e-06,3.92405450915e-06,3.84132771185e-06,7.12543055625e-06,7.12543055625e-06,5.15408572805e-06,4.98126555791e-06,4107.0,0.000156656065734,0.191389353191,0.204831068798,0.150036054876,0.101683064778,0.0481721816326,0.0467604056034,0.025003697305400002,0.026887341976299998,0.0250488513852,0.0245207722654,0.045484549371699996,0.045484549371699996,0.0329006457803,0.0317974636639,3.7158755581,5.62397
3279,115533,CACCGAGTCTTGCGGCCTAAATCCGTAGGGGTCTGGGTCCACGATTGTCC,3.6454562221999994e-05,3.12619148005e-05,1.75909006075e-05,9.435580440139999e-06,5.95009697207e-06,6.56475077884e-06,3.98885205689e-06,4.24523107987e-06,3.7040140693900004e-06,3.7637251318199997e-06,5.10163962903e-06,5.10163962903e-06,4.5760574221e-06,5.37195305265e-06,3732.0,0.00014311091789200001,0.254729427768,0.218445351767,0.122917949704,0.0659319399186,0.0415768206907,0.045871767685900004,0.0278724510726,0.0296639218196,0.0258821208329,0.026299357080900004,0.03564815112769999,0.03564815112769999,0.0319755996923,0.037536989712499996,3.45017857786,6.479451
3467,232027,CCATCAATTTATCACATAAAGCCCTGTGTGGGTTGTCTGCGCATACAGAA,2.93175845893e-05,2.82183347782e-05,1.73531857344e-05,9.507333903560001e-06,5.70822311142e-06,6.04437419272e-06,4.56382172275e-06,5.43920232108e-06,4.9142364881e-06,5.35457802258e-06,6.87245669035e-06,6.87245669035e-06,5.63577598301e-06,8.2044373895e-06,3695.0,0.000144006001617,0.20358585239500002,0.195952491294,0.12050321194599999,0.0660204005165,0.0396387862124,0.0419730714334,0.0316918855568,0.0377706641389,0.034125220011,0.03718301989119999,0.04772340467180001,0.04772340467180001,0.039135702121599995,0.0569728851392,4.217225121419999,7.1518526
3582,90322,CGCGCCGAACGCGCGACAAGCAAAGCACGACAGAACGTGCCCACTAAAGC,3.48452437362e-05,3.22184685218e-05,1.80366159945e-05,7.96463443996e-06,7.40134013599e-06,6.0844031608800005e-06,4.56382172275e-06,3.6814113270699998e-06,3.3739534097400003e-06,3.99653287193e-06,4.84866576313e-06,4.84866576313e-06,3.6126769121900003e-06,5.860312421069999e-06,3669.0,0.00014133674618000002,0.24654058253000002,0.22795535763,0.127614484428,0.0563521848013,0.0523667081351,0.0430489828393,0.0322904117018,0.0260470926816,0.023871735418599997,0.0282766724149,0.034305768982,0.034305768982,0.0255607760177,0.0414634734381,3.4191084646200003,6.397795
3974,265040,CCAGAAGATACAACCCGGGATTACTGGCGGTCCGATTAGAACTGATCAAG,3.3130969696999994e-05,3.3957657106e-05,1.65508980378e-05,9.6508408304e-06,4.88585198519e-06,5.24379482944e-06,3.59356041161e-06,3.51558198802e-06,3.5573204428800004e-06,3.84132771185e-06,4.55352958624e-06,4.55352958624e-06,5.58760695751e-06,7.423062400019999e-06,3596.0,0.00014004553156999998,0.23657284402800002,0.24247583429000003,0.11818226438400001,0.0689121653665,0.0348875964154,0.0374434997722,0.025659943386400003,0.0251031357345,0.025401170626400002,0.0274291344307,0.0325146367413,0.0325146367413,0.0398985022576,0.0530046358266,3.5986488843599997,7.2199235
4049,157141,CCTGCGTCTAGCCGGTGCGTGTAACGAATATCCTACCGTTGAAATACTAC,2.89677327445e-05,2.70009027693e-05,1.85120457406e-05,1.20187051234e-05,5.27285016224e-06,5.804200383730001e-06,3.16233316222e-06,4.11256760862e-06,3.99740132241e-06,3.7637251318199997e-06,6.9989436233e-06,6.9989436233e-06,5.2985928045400006e-06,6.2509999158099996e-06,3585.0,0.00013815994411599998,0.20966809830400002,0.195432206796,0.133989962569,0.0869912419282,0.0381648255287,0.0420107319881,0.0228889290775,0.0297667144768,0.0289331422938,0.0272417968602,0.050658269067,0.050658269067,0.0383511504615,0.0452446615827,3.9741101495599995,6.9261737
4553,251917,CTCAGGAGGGTGGTAAGCCACCGCCCACGCGTGGGGCACTCGTGTATTCT,3.25012363764e-05,3.37837382476e-05,1.66400411152e-05,1.01531150744e-05,5.46634925076e-06,6.16446109721e-06,2.94671953752e-06,2.75276702835e-06,2.56713846393e-06,3.1041032015e-06,5.05947731805e-06,5.05947731805e-06,4.28704326913e-06,4.19989056843e-06,3503.0,0.000134685557866,0.24131196314800002,0.25083415611,0.12354733037999999,0.07538384393400001,0.0405860089037,0.0457692806479,0.0218785115806,0.0204384721863,0.0190602355932,0.023047038232400004,0.0375651064464,0.0375651064464,0.031830014569000004,0.031182931822599996,3.29007333972,5.7531276
4749,190715,GTGAAGACACGAGGGACCCACTAGTCAGCTGACTGCTGGAAACGTCCGGA,3.08919178906e-05,2.90879290703e-05,1.42034636662e-05,8.43103195221e-06,5.8533474278099995e-06,6.60477974701e-06,4.276336889819999e-06,4.94171430391e-06,3.74068747601e-06,5.121770282469999e-06,5.14380194001e-06,5.14380194001e-06,5.63577598301e-06,5.860312421069999e-06,3474.0,0.00013493667099,0.228936416349,0.215567264679,0.105260219938,0.0624813987949,0.04337847810269999,0.0489472557647,0.0316914361265,0.0366224708794,0.0277218005199,0.0379568448286,0.038120118884400006,0.038120118884400006,0.0417660813895,0.043430094859,3.8504918737800002,7.1506834
5424,107646,GAACATCAACTGGAAAAGATTACAAGTTTACGTATTCCAAAATCCCCTTC,1.8227281110999997e-05,1.98267498596e-05,2.26720560194e-05,1.32385140016e-05,7.06271673107e-06,6.88498252415e-06,5.13879138861e-06,4.27839694768e-06,4.547502421819999e-06,3.99653287193e-06,6.24002202559e-06,6.24002202559e-06,4.383381320119999e-06,7.03237490528e-06,3385.0,0.000129769324153,0.140459089464,0.152784565913,0.174710442297,0.10201574284199999,0.0544251638602,0.0530555473651,0.039599430929699996,0.0329692473594,0.0350429691415,0.0307972080305,0.0480854937505,0.0480854937505,0.0337782549822,0.054191350314600005,4.37942839798,7.2510953
6500,131328,GCCACGCATGAAGAAAGATTCGAGGATTCTCAAAAGCCTCTTGAGGCTAC,2.14809032671e-05,2.51312750413e-05,1.94331908738e-05,1.37407882455e-05,9.723329198260001e-06,5.9643162563900005e-06,3.7373028280800004e-06,3.28342091333e-06,2.93387253021e-06,4.26814190206e-06,4.00541954345e-06,4.00541954345e-06,2.93831055524e-06,4.19989056843e-06,3266.0,0.000124845581267,0.172059780163,0.20129887486900003,0.155657818856,0.11006227137599998,0.0778828461497,0.0477735470962,0.0299354033211,0.026299856831299998,0.0235000109771,0.0341873685777,0.0320829900651,0.0320829900651,0.0235355590918,0.0336406825602,3.59811594445,5.439827
8461,115393,CAGTACCCGACGTGGGAAATTAACATACCATTGGACCCTTCCCACGTCAA,2.70785327829e-05,2.47834373245e-05,1.50651800811e-05,8.21577156194e-06,5.65984833928e-06,5.32385276577e-06,3.59356041161e-06,2.85226463179e-06,3.4839736296199997e-06,3.880129001869999e-06,4.89082807411e-06,4.89082807411e-06,4.5760574221e-06,4.10221869475e-06,3080.0,0.000118396482795,0.228710618285,0.20932579025400003,0.12724347654,0.0693920238842,0.047804193212900005,0.04496630845840001,0.0303519186277,0.024090788547400002,0.029426327094900003,0.032772333352,0.0413088966719,0.0413088966719,0.0386502817825,0.0346481466163,3.70164678795,6.9240036
8845,124075,AAACGCGGTGGATCACGGCCAGCTAGAGGGCGAAGGCGTCCTTCCACCAG,3.05070808614e-05,2.74356999154e-05,1.31634610965e-05,8.64629234248e-06,6.965967186810001e-06,4.4031864979999996e-06,2.98265514164e-06,2.75276702835e-06,3.5573204428800004e-06,2.05646837099e-06,3.8789326105e-06,3.8789326105e-06,3.13098665723e-06,4.0045468210599994e-06,3047.0,0.000117364297584,0.259934933276,0.23376529728599998,0.11215899014799999,0.07367054990739999,0.059353375176499995,0.0375172568546,0.025413649662200003,0.023454892885,0.030310073132199997,0.0175220949925,0.0330503627625,0.0330503627625,0.0266775051842,0.0341206559704,3.2379702478400003,5.6702137
9258,132925,CCTACCAGGAATAGTGTGCTATATGAGAGCTGTGTCGTTCCATAGATTTA,2.15158884516e-05,3.06966785107e-05,1.91954760007e-05,1.02966220012e-05,6.6273437819e-06,4.48324443433e-06,3.44981799515e-06,2.25527901118e-06,2.2737512109099997e-06,2.44448127118e-06,2.36108941509e-06,2.36108941509e-06,3.4681698357e-06,4.19989056843e-06,3019.0,0.00011562882190299999,0.18607720893,0.265476011996,0.16600944024800002,0.0890489225069,0.0573156733141,0.0387727243134,0.0298352775577,0.0195044710658,0.0196642253505,0.021140760849599996,0.020419557825,0.020419557825,0.0299939909325,0.036322177285099996,3.17569671417,5.858643
9571,119602,TTCAAGCCAGCAACCGGAAACCGTTACACAGCTCGGATATTCACGGTGGT,2.03263921794e-05,2.41312416054e-05,1.78583298397e-05,9.14856658644e-06,4.69235289667e-06,5.92428728822e-06,3.48575359927e-06,4.21206521206e-06,4.18076835554e-06,3.56971868172e-06,4.63785420821e-06,4.63785420821e-06,3.3718317847099997e-06,3.906874947380001e-06,2997.0,0.000114083891393,0.17817057194699998,0.211521901215,0.156536822347,0.0801915719629,0.0411307226584,0.051929218191,0.0305543013716,0.0369207708523,0.03664643890119999,0.0312902955723,0.0406530155273,0.0406530155273,0.0295557220528,0.0342456318738,3.80093021107,7.1329937
9627,74818,GACGCTGCTGCAGTACAAATCTAAATTAACATTGCTGATCCGCTAAAATT,1.95217329365e-05,2.11746210123e-05,1.81257590719e-05,6.99596268375e-06,5.563098795019999e-06,4.12298372086e-06,3.48575359927e-06,4.6432214936e-06,4.03407472903e-06,4.9665651224e-06,5.86056122674e-06,5.86056122674e-06,5.10591670256e-06,6.34867178949e-06,2992.0,0.00011580948411,0.16856765304299998,0.182840128984,0.15651359827,0.060409237961,0.048036642575199996,0.0356014341359,0.0300990339958,0.040093620391099996,0.034833716426800006,0.042885651037599996,0.0506051924138,0.0506051924138,0.044088934009,0.054819964342900006,4.41264840238,7.5652986
10013,110422,CCGTATTAGATGCTCAAAATCACTGCATATAGAACTCAGGACGGGAACTT,2.65187698314e-05,2.24355327359e-05,1.45600359758e-05,8.64629234248e-06,7.885087857289999e-06,6.40463490619e-06,3.37794678692e-06,2.68643529273e-06,2.97054593683e-06,2.9100967514e-06,3.6681210555800002e-06,3.6681210555800002e-06,3.90169106516e-06,4.8835936842199995e-06,2964.0,0.00011451690527700001,0.231570786576,0.195914591662,0.12714311429000003,0.0755023227491,0.0688552300483,0.0559274186695,0.029497363544099996,0.0234588534,0.0259398027709,0.0254119402228,0.0320312625171,0.0320312625171,0.0340708741274,0.0426451769055,3.6017773725199995,6.013274
10366,118197,CAGTCGGTAGATAAAGACCACACAGGCACCTGTCACCCGCTGCGTACCTC,2.07462143931e-05,2.34790458864e-05,1.63131831647e-05,7.39060673258e-06,5.417974478630001e-06,4.9635920523e-06,3.5576248075e-06,3.91357240175e-06,4.07074813566e-06,4.3457444821e-06,5.22812656198e-06,5.22812656198e-06,4.04619814165e-06,4.49290618949e-06,2942.0,0.00011319366398999998,0.18328070372400002,0.207423676015,0.144117458431,0.0652916998362,0.04786464443030001,0.0438504407168,0.0314295401536,0.03457412953880001,0.035962685473500004,0.038392117799900004,0.0461874488174,0.0461874488174,0.0357458005955,0.0396922056511,4.02020549671,6.8551054
10584,91579,CTCTCATAAGAAAAACCAGCACAACGAGGCGATACTGGCTACCCGAGAAA,2.65887402003e-05,2.50443156121e-05,1.49166082854e-05,7.10359287888e-06,4.35372949176e-06,5.12370792495e-06,3.1982687663400002e-06,3.7145771948800004e-06,2.71383209044e-06,3.7637251318199997e-06,3.92109492149e-06,3.92109492149e-06,3.853522039669999e-06,3.41851557896e-06,2927.0,0.00011163532503799999,0.238174970075,0.224340419159,0.133619069772,0.06363212429790001,0.0389995683737,0.0458968334905,0.028649253856099996,0.0332742095175,0.0243097970065,0.0337144638628,0.0351241412173,0.0351241412173,0.034518841041900006,0.030622167112199998,3.4692230576800003,6.225135
10880,208745,GTTCATCGTAGCTCACGGTACAGATGAGACACGACAAACGACCGGATACC,2.8407969793000002e-05,2.50008358975e-05,1.18857436537e-05,5.84790726898e-06,5.27285016224e-06,4.883534115969999e-06,3.7013672239599997e-06,3.64824545926e-06,2.86052571695e-06,3.91893029189e-06,4.51136727526e-06,4.51136727526e-06,3.853522039669999e-06,3.906874947380001e-06,2907.0,0.000112211041121,0.253165548677,0.222801924372,0.10592312071,0.0521152572025,0.04699047535400001,0.043520976787900005,0.032985766703400005,0.0325123572762,0.025492373017599997,0.03492464068369999,0.040204308151800004,0.040204308151800004,0.034341736795,0.034817206117599996,3.59627572763,6.8158355
11441,63076,CCGGCTACTCAAAAAAAGACATGGGCATCTTAAAGTCTAGTAGCAACAAA,3.75041177562e-05,3.08705973691e-05,1.03405969787e-05,4.9868657079e-06,3.33785927701e-06,2.68194086697e-06,1.7249089975700001e-06,2.1889472755599997e-06,1.94369055126e-06,2.4056799811599997e-06,2.90919945788e-06,2.90919945788e-06,2.9864795807400003e-06,3.7115312000099997e-06,2872.0,0.00011050161445799999,0.33939882182,0.279367840194,0.09357869592609999,0.045129347045,0.0302064299548,0.0242706034669,0.015609808110400001,0.0198091881851,0.0175897027459,0.02177054148,0.0263272122507,0.0263272122507,0.0270265696605,0.03358802691,2.69419563677,6.9680676
11503,202242,CCGACCAATATCTGGGTATCGTGAGGCCCAAGTACGCCATGAGATTGCTA,2.99473179098e-05,2.63487070502e-05,1.26583169912e-05,8.25164829365e-06,5.27285016224e-06,3.72269403922e-06,2.6592347045900004e-06,3.0180939708400003e-06,1.94369055126e-06,2.9100967514e-06,3.28866025673e-06,3.28866025673e-06,2.93831055524e-06,3.7115312000099997e-06,2868.0,0.00010995981269299998,0.272347843965,0.239621243479,0.115117666001,0.0750424004148,0.047952520408100004,0.0338550416561,0.0241836962019,0.0274472454702,0.0176763719731,0.0264650937477,0.029907837928999998,0.029907837928999998,0.0267216766133,0.0337535242113,3.11978821744,7.3974733
11538,112917,GGATATTTGTCGGCAAAGGAGGCATAGCGGGTTGTAAGCACGTCACCTGT,1.43089404499e-05,2.24790124505e-05,1.76800436849e-05,9.363826976710001e-06,6.046846516330001e-06,5.48396863842e-06,3.5576248075e-06,4.01307000519e-06,3.99740132241e-06,3.56971868172e-06,4.97515269608e-06,4.97515269608e-06,4.6242264476e-06,6.64168741054e-06,2865.0,0.000111716672784,0.128082407875,0.201214482049,0.15825787901,0.0838176320811,0.0541266255578,0.0490881844381,0.0318450659051,0.035921853964900004,0.0357816002106,0.031953320778099994,0.044533663347699995,0.044533663347699995,0.041392446913900004,0.0594511745207,4.39407078399,6.554894
11786,108231,CAATAGGCAGGTGCGCGCTACGCGCGGGATTCCTAGACCACTCGGTCAAT,3.47752733672e-05,2.57834707604e-05,1.27474600686e-05,7.10359287888e-06,4.789102440930001e-06,3.882809911880001e-06,2.51549228813e-06,2.52060595367e-06,1.61362989161e-06,2.7160903013099997e-06,2.0659532382e-06,2.0659532382e-06,2.6492964022700003e-06,2.83248433685e-06,2852.0,0.00010806121507799999,0.32181086749800003,0.238600600056,0.117965174271,0.06573674813620001,0.044318421160399996,0.035931577384800004,0.0232784009166,0.023325722849300002,0.014932553649799998,0.0251347377442,0.019118360243400002,0.019118360243400002,0.024516626065599997,0.0262118497816,2.67738323667,6.86335
13096,182258,TCGCACGGTTAACAAATCACATTAACGGCCGAATGATGCGGCGGGCTGCA,3.24312660075e-05,2.43486401784e-05,1.2390887759000001e-05,7.35473000087e-06,5.27285016224e-06,4.12298372086e-06,2.15613624697e-06,2.28844487899e-06,1.65030329824e-06,2.4832825612e-06,2.90919945788e-06,2.90919945788e-06,2.79380347876e-06,2.63714058948e-06,2782.0,0.000105748867798,0.30668192182799997,0.23024965359299998,0.11717276994999999,0.0695490188595,0.0498620010977,0.038988443155000004,0.020389213538299998,0.021640372390200002,0.0156058720306,0.023482828827400003,0.0275104548961,0.0275104548961,0.0264192282804,0.0249377666578,2.86214167329,7.4062333
13125,35901,GAGAGTAAGTCTGGCAGCCATTGGAGACAGGTGCATATACAAAATTGTCT,2.00115255192e-05,2.06093847225e-05,1.57486103411e-05,8.825676001039999e-06,5.90172219994e-06,5.44393967026e-06,4.06072326512e-06,3.51558198802e-06,2.38377143079e-06,2.75489159133e-06,4.3427180313199995e-06,4.3427180313199995e-06,3.75718398867e-06,5.95798429475e-06,2780.0,0.000107656431075,0.185883233535,0.19143663334000002,0.146285829688,0.0819800165478,0.0548199688675,0.050567714495800005,0.0377192818354,0.0326555687654,0.0221423969472,0.025589661145299997,0.0403386772898,0.0403386772898,0.0348997635454,0.0553425767067,4.00204280159,6.36577
13328,288795,TACGAAGTTTACCACTAAAGCCCTGGGCCTCGGGCGTAGCGTCAGCGTCA,2.72184735208e-05,2.75226593446e-05,1.35200334061e-05,6.2066745861e-06,5.65984833928e-06,4.28309959351e-06,3.09046195399e-06,2.95176223522e-06,2.38377143079e-06,2.75489159133e-06,2.65622559197e-06,2.65622559197e-06,2.07126809632e-06,2.63714058948e-06,2770.0,0.000105612535871,0.25772010203400003,0.260600307695,0.128015422549,0.05876835107580001,0.053590686868599996,0.0405548409398,0.0292622644508,0.027948976045900003,0.022570913681099997,0.0260848919932,0.0251506657809,0.0251506657809,0.0196119530625,0.024969958042599997,2.94058294356,6.3001966
13692,128912,ATCAGGGCTAGATTAATACGTAGCTCAGACAGTTATATTGAATCACCTGA,1.67229181786e-05,1.87832367091e-05,1.68480416291e-05,8.50278541563e-06,5.27285016224e-06,4.68338927515e-06,3.3420111828e-06,3.4492502523900003e-06,4.95090989472e-06,3.5309173917e-06,4.59569189723e-06,4.59569189723e-06,5.20225475355e-06,6.15332804212e-06,2752.0,0.00010663327668200002,0.156826449482,0.176147983947,0.15799984914100001,0.07973857392589999,0.049448449173900004,0.04392052294459999,0.0313411655986,0.0323468466855,0.0464293140828,0.0331127158574,0.0430981025834,0.0430981025834,0.048786409978599996,0.057705514016000006,4.41113977596,7.1434455
13731,70989,TGATTGCGAGGTGCCTGCGGATACCCAGGCAACCCTTCACAGGCAGTGCA,2.93175845893e-05,2.31312081695e-05,1.04594544152e-05,5.52501668358e-06,4.1118556311e-06,4.44321546617e-06,2.15613624697e-06,3.64824545926e-06,3.30060659648e-06,3.29810965159e-06,4.51136727526e-06,4.51136727526e-06,3.51633886119e-06,4.49290618949e-06,2750.0,0.00010642341251,0.275480591138,0.217350746644,0.09828151690050001,0.051915424935599995,0.038636757966199996,0.04175035700659999,0.0202599803568,0.0342804780753,0.0310139143129,0.0309904519484,0.0423907406166,0.0423907406166,0.033041027141,0.0422172723417,3.6048354837,6.823222
13927,156724,CTGGAAATCTTCGCCTAGCACGCCAGTATATAGTTCATGAACGTCAAAAC,2.37549402579e-05,2.22616138774e-05,1.372803392e-05,8.825676001039999e-06,5.07935107372e-06,4.92356308413e-06,2.80297712106e-06,2.91859636741e-06,2.6038118705599998e-06,2.98769933144e-06,3.7946079885400003e-06,3.7946079885400003e-06,3.4681698357e-06,4.59057806317e-06,2740.0,0.000105534226781,0.22509228505800002,0.210942123295,0.130081342696,0.08362856553999999,0.048129893293000006,0.046653708795,0.0265598868402,0.0276554484402,0.0246726768176,0.028310240408099995,0.03595618316719999,0.03595618316719999,0.0328629861752,0.0434984763068,3.62218437319,5.759692
14085,272927,CATCTGCGTAAAGGCGAAGGCTCAAACCAGTAAAATCTCAATAGAGAAGA,2.31951773063e-05,2.09137427247e-05,1.40548918705e-05,5.38150975673e-06,4.83747721306e-06,3.5625781665699996e-06,3.1263975581e-06,4.3447286833e-06,4.03407472903e-06,3.60851997174e-06,4.89082807411e-06,4.89082807411e-06,3.17915568272e-06,5.56729680002e-06,2732.0,0.000105587206611,0.219677914122,0.198070802287,0.133111693373,0.05096744131659999,0.045814993769899996,0.0337406233285,0.0296096246738,0.0411482491369,0.0382060938869,0.034175731014799995,0.0463202714712,0.0463202714712,0.0301092886607,0.0527270014873,4.00488664914,7.347825
14193,286945,GGTTTACGGAATAAAGACATAGATTGTACCGTGCGCAGAGGCAAGAAAGA,1.6897844101000002e-05,1.78266829878e-05,1.81851877901e-05,7.175346342310001e-06,4.64397812454e-06,3.7627230073900003e-06,2.8748483292900002e-06,3.4160843845799998e-06,4.87756308147e-06,4.26814190206e-06,5.39677580592e-06,5.39677580592e-06,4.7687335240900005e-06,4.98126555791e-06,2727.0,0.000104471950744,0.16174527211,0.170636068924,0.17406765797499998,0.0686820365771,0.04445191356580001,0.036016586084400004,0.0275178965149,0.032698579477499996,0.04668777644830001,0.0408544290755,0.0516576532501,0.0516576532501,0.0456460656675,0.047680411080800005,4.4046824665,7.3248158
14219,252321,CGAGGGTACAGGAGTAGCCACTAAGGGTACGTTCGCGGAGGTACGACGAA,2.17957699274e-05,2.10876615831e-05,1.56891816229e-05,8.108141366810001e-06,6.4822194655099995e-06,5.16373689311e-06,2.94671953752e-06,3.08442570647e-06,2.1270575844e-06,2.2116735310700002e-06,3.75244567755e-06,3.75244567755e-06,3.75718398867e-06,5.27428117896e-06,2725.0,0.000105232943741,0.207119264676,0.200390303962,0.149090019391,0.0770494588346,0.0615987658909,0.049069585146500005,0.028001873109,0.0293104573227,0.020212848836,0.021016931128599998,0.035658469146199995,0.035658469146199995,0.0357034960261,0.0501200573838,3.7334613764099998,6.6950808
14812,233113,CCATGATCGCTGTACCTCACATCTTGAAGGATAGAGACAACCATGTCAAT,2.25304588013e-05,1.96093512866e-05,1.38468913565e-05,8.93330619617e-06,5.65984833928e-06,5.68411347924e-06,2.15613624697e-06,2.65326942492e-06,2.75050549707e-06,3.22050707155e-06,4.59569189723e-06,4.59569189723e-06,3.4200008102e-06,4.10221869475e-06,2698.0,0.000103757990999,0.217144323867,0.188991239111,0.133453734245,0.08609752473190001,0.0545485536563,0.054782416510899996,0.0207804355713,0.0255717116279,0.026508854600800002,0.0310386413668,0.044292414039400006,0.044292414039400006,0.0329613244944,0.039536412138,3.79533503855,6.061355
15870,216814,CAGCAGCGAGTGTCTGGCCGCGTTCAGGTAAAGGCGTAAACAACGCTCAG,2.06412588397e-05,2.24790124505e-05,1.39063200748e-05,6.92420922033e-06,4.1118556311e-06,5.32385276577e-06,3.80917403631e-06,3.51558198802e-06,2.71383209044e-06,3.22050707155e-06,3.5837964336199997e-06,3.5837964336199997e-06,3.8053530141699996e-06,4.78592181054e-06,2653.0,0.00010240447186,0.201565990866,0.219512019759,0.135797976613,0.06761627782980001,0.0401530866416,0.0519884793022,0.0371973407714,0.034330356127499996,0.026501109191200002,0.0314488909815,0.0349964837327,0.0349964837327,0.0371600277316,0.046735476718800004,3.80788502164,6.9253316
16983,95820,CCAAATAAGCCAGTGTGGGGCCCCTGCAAGGGCGAATTGGTTAGTGGGAA,2.1550873636e-05,2.11746210123e-05,1.27177457094e-05,6.134921122669999e-06,4.98260152946e-06,4.76344721148e-06,4.34820809805e-06,3.6814113270699998e-06,3.52064703625e-06,3.56971868172e-06,3.4573095006699997e-06,3.4573095006699997e-06,2.69746542777e-06,4.10221869475e-06,2606.0,0.00010015849848799998,0.21516769880999997,0.211411126683,0.126976201734,0.0612521275305,0.049747166787199995,0.0475590916734,0.043413271601300006,0.036755855794900004,0.0351507569441,0.035640696851499995,0.03451838389,0.03451838389,0.026931967516299997,0.040957270293199996,3.7237048622300004,6.6151567
18036,13868,CTAAGCGGTATTTTCCATACTGAAGGTCTGGTCGGCTCTCGGAGTGAATC,2.48394809766e-05,2.12181007269e-05,1.11725990345e-05,5.9196607324e-06,5.46634925076e-06,4.4031864979999996e-06,2.94671953752e-06,3.08442570647e-06,3.1172395633400003e-06,2.9100967514e-06,3.6259587446e-06,3.6259587446e-06,2.7456344532599997e-06,4.0045468210599994e-06,2567.0,9.90799575414e-05,0.250701368803,0.214151290063,0.112763462074,0.0597462986389,0.0551710899601,0.0444407386445,0.029740823579700003,0.031130672469,0.0314618580861,0.029371194978400003,0.036596288841599996,0.036596288841599996,0.027711300260799997,0.040417324759,3.5487532946300004,7.267674
18139,170346,CCCAGGTCCGTGAACGTCGGGTATAGGGCATCACGAATAAAGTTGCTTAT,1.82622662955e-05,1.83919192776e-05,1.48868939262e-05,6.56544190321e-06,4.98260152946e-06,4.72341824331e-06,3.845109640430001e-06,4.046235873e-06,3.81403428927e-06,2.9100967514e-06,3.49947181165e-06,3.49947181165e-06,4.5760574221e-06,4.29756244212e-06,2563.0,9.8300581217e-05,0.18577984045899998,0.187098784666,0.151442582963,0.0667894515163,0.050687406602999995,0.048050766179,0.0391158383076,0.0411618713023,0.0387997124946,0.0296040645475,0.0355997062105,0.0355997062105,0.046551682253099996,0.043718586288199995,4.044967819659999,6.9273095
18152,134998,CACTCGTATACATATAACACGCAAATTGCTGTATCCATAAACAACGCAGT,1.83322366644e-05,1.89136758529e-05,1.42628923844e-05,7.03183941546e-06,4.35372949176e-06,3.882809911880001e-06,3.1982687663400002e-06,3.5487478558300004e-06,3.41062681637e-06,4.3457444821e-06,4.2162310983699996e-06,4.2162310983699996e-06,4.7687335240900005e-06,3.906874947380001e-06,2562.0,9.83886423097e-05,0.18632472442,0.19223434137200002,0.144964825712,0.07147003201169999,0.044250325947699995,0.0394640054048,0.0325064833832,0.0360686739091,0.0346648427735,0.044169168108,0.042852823246599996,0.042852823246599996,0.048468333459400006,0.0397085970054,4.12704470416,7.4456882
18481,124678,CGCGCAATTTATCGTGATCTGGTCACGGAGGCGAAGGCTCACGTGACGGC,3.05420660459e-05,2.36964444594e-05,1.14697426258e-05,5.63264687871e-06,4.30535471963e-06,3.28237538942e-06,2.2639430593200002e-06,2.15578140775e-06,1.98036395789e-06,1.97886579096e-06,1.64433012837e-06,1.64433012837e-06,3.17915568272e-06,4.0045468210599994e-06,2550.0,9.77799470952e-05,0.312355109132,0.242344623446,0.11730158346899999,0.0576053377614,0.044031060023300005,0.0335690035322,0.0231534494196,0.022047275252099995,0.0202532729534,0.020237951131500002,0.016816639579100002,0.016816639579100002,0.032513370861499996,0.040954683859300005,2.8709732606299996,6.708549
19033,107129,CCTTATGTAGTAAGAGTCAACTGAACAGACCTAGTCTCGATCATAACATT,1.4168999712000002e-05,2.00876281472e-05,1.4381749820999998e-05,7.03183941546e-06,5.3695997065e-06,5.88425832006e-06,4.13259447336e-06,3.34975264896e-06,2.31042461754e-06,2.87129546139e-06,4.3427180313199995e-06,4.3427180313199995e-06,5.10591670256e-06,5.860312421069999e-06,2530.0,9.92398075097e-05,0.142775364721,0.202415025294,0.144919162802,0.0708570440826,0.054107316824199995,0.0592933266168,0.0416425079518,0.0337541227962,0.023281228324700004,0.0289329003495,0.043759839325500004,0.043759839325500004,0.0514502882531,0.059052033333400006,4.40322411144,6.314336
19259,212675,TGTCCAGGAACCTCCCCGTCTTCAACAAACGTATGAATACGGGAGTTAGA,2.02564218105e-05,2.0218067290999997e-05,1.33120328921e-05,8.21577156194e-06,4.40210426389e-06,3.7627230073900003e-06,2.5873634963599997e-06,2.28844487899e-06,2.67715868381e-06,2.98769933144e-06,4.17406878739e-06,4.17406878739e-06,3.4681698357e-06,5.37195305265e-06,2522.0,9.78960476806e-05,0.20691766716200002,0.20652587893,0.135981310865,0.0839234244548,0.044967129605199996,0.038435903149699996,0.026429703319599995,0.023376274458599997,0.0273469537049,0.0305191006402,0.0426377661436,0.0426377661436,0.0354270669539,0.05487405446819999,3.90593998021,7.0190215
19760,47947,CCGGCGTGGGAAGCTCTCGACAGAATACAACACACCAGGATCTCCGGACA,1.69328292855e-05,2.1652897873000002e-05,1.47383221306e-05,5.52501668358e-06,3.04761064423e-06,3.72269403922e-06,3.59356041161e-06,3.97990413738e-06,3.04389275009e-06,3.18170578154e-06,4.55352958624e-06,4.55352958624e-06,3.3718317847099997e-06,4.49290618949e-06,2505.0,9.63902308833e-05,0.175669558318,0.22463788782900002,0.152902654092,0.057319259773,0.0316174223913,0.038621071918900005,0.0372813757025,0.0412894968806,0.0315788511159,0.0330085917668,0.0472405714201,0.0472405714201,0.0349810530985,0.0466116342736,4.04178002924,6.982026
19762,71944,CCCCTAGGAGGTCGGCACAAGCGTACCTGAACAAGGGGTCTTCCCGACTG,1.92418514607e-05,2.05224252933e-05,1.42034636662e-05,7.10359287888e-06,4.35372949176e-06,5.76417141557e-06,3.48575359927e-06,2.6201035571099997e-06,2.7871789037e-06,2.6384877212700003e-06,3.2043356347599997e-06,3.2043356347599997e-06,3.56450788669e-06,2.63714058948e-06,2505.0,9.53310777334e-05,0.201842378354,0.215275288827,0.148990906259,0.07451497505089999,0.04566957172069999,0.0604647671318,0.0365647140696,0.0274842540271,0.029236834094,0.0276770994728,0.0336127075341,0.0336127075341,0.0373908275396,0.027662968385400003,3.58123412074,6.5836134
19923,156894,CCCTCAACCGCCGTGAACTTACGACAATGGGGATGTCAAAGACGTTGCGT,2.9072688298e-05,2.42616807492e-05,9.686881077760001e-06,6.49368843979e-06,4.1118556311e-06,3.36243332575e-06,2.0123938305e-06,2.22211314337e-06,1.6869767048700001e-06,1.90126321092e-06,2.57190097001e-06,2.57190097001e-06,2.40845127479e-06,4.3952343158e-06,2500.0,9.67594619419e-05,0.300463517619,0.250742204042,0.100113011,0.0671116633915,0.04249564382209999,0.0347504343066,0.0207979022425,0.022965331749200003,0.0174347466492,0.019649377670799998,0.026580356260700003,0.026580356260700003,0.0248911189299,0.0454243360556,3.0111180398400004,7.1293707
